global_signal	global_signal_derivative1	global_signal_derivative1_power2	global_signal_power2	csf	csf_derivative1	csf_derivative1_power2	csf_power2	white_matter	white_matter_derivative1	white_matter_power2	white_matter_derivative1_power2	csf_wm	tcompcor	std_dvars	dvars	framewise_displacement	rmsd	t_comp_cor_00	t_comp_cor_01	t_comp_cor_02	a_comp_cor_00	a_comp_cor_01	a_comp_cor_02	a_comp_cor_03	a_comp_cor_04	a_comp_cor_05	a_comp_cor_06	a_comp_cor_07	a_comp_cor_08	a_comp_cor_09	a_comp_cor_10	a_comp_cor_11	a_comp_cor_12	a_comp_cor_13	a_comp_cor_14	a_comp_cor_15	a_comp_cor_16	a_comp_cor_17	a_comp_cor_18	a_comp_cor_19	a_comp_cor_20	a_comp_cor_21	a_comp_cor_22	a_comp_cor_23	a_comp_cor_24	a_comp_cor_25	trans_x	trans_x_derivative1	trans_x_power2	trans_x_derivative1_power2	trans_y	trans_y_derivative1	trans_y_power2	trans_y_derivative1_power2	trans_z	trans_z_derivative1	trans_z_power2	trans_z_derivative1_power2	rot_x	rot_x_derivative1	rot_x_derivative1_power2	rot_x_power2	rot_y	rot_y_derivative1	rot_y_power2	rot_y_derivative1_power2	rot_z	rot_z_derivative1	rot_z_power2	rot_z_derivative1_power2	motion_outlier00
9101.724274933997	n/a	n/a	82841384.77692279	11172.98297517847	n/a	n/a	124835548.56362791	7052.393806793811	n/a	49736258.40610369	n/a	7054.9143206378785	11399.472450172087	n/a	n/a	n/a	n/a	-0.1382017779	0.3169336524	0.13990853279999999	-0.8424131909999999	0.0761493416	-0.039527937799999996	0.25748461079999996	-0.2240655718	0.09554034210000001	-0.0413222879	0.3006951913	-0.0248543222	0.3218037638	-0.2270121334	-0.1350471799	-0.0601147132	0.117860991	-0.3324988619	-0.2721244246	0.1546301601	-0.061925905	0.4546455443	-0.08466588929999999	0.44738046270000004	-0.0492564379	0.0627791605	-0.1119232334	-0.156448224	0.2191650993	0.0	n/a	0.0	n/a	0.0	n/a	0.0	n/a	0.07403580000000001	n/a	0.0054812996816400025	n/a	0.0	n/a	n/a	0.0	-0.0	n/a	0.0	n/a	0.0	n/a	0.0	n/a	0.0
9016.712116694107	-85.01215823988969	7227.067048604043	81301097.39533833	10820.13510611615	-352.8478690623197	124501.61870181988	117075323.71460712	7042.5086792209595	-9.88512757285116	49596928.49690254	97.71574713154229	7041.431182720371	11103.792658236624	1.039161	39.551819	0.008092399999999998	0.008092429999999998	-0.0889293132	0.299338936	0.0620985271	-0.38523228880000004	-0.1120957549	0.0366505088	-0.1951403534	-0.23922501629999998	0.0591921805	0.14803507119999998	0.11739712390000001	0.144381692	0.1575725069	0.024201055200000002	0.1873952157	0.0449098821	0.18736247530000005	-0.08412994900000001	-0.256566141	0.0749100402	0.1433965022	0.15498751970000002	-0.2127759122	0.13214736300000002	0.12989457140000002	-0.0860414317	0.2294780983	-0.11477257699999999	0.0288628548	0.0	0.0	0.0	0.0	0.0	0.0	0.0	0.0	0.0821282	0.008092399999999986	0.00674504123524	6.548693775999977e-05	0.0	0.0	0.0	0.0	-0.0	0.0	0.0	0.0	0.0	0.0	0.0	0.0	0.0
8964.721320199516	-51.99079649459054	2703.042920141928	80366228.34883976	10646.051527722446	-174.08357839370362	30305.09226635676	113338413.13092142	7026.075155407999	-16.433523812960633	49365732.08944154	270.0607049111441	7023.378028578207	10890.463709526191	0.955325	36.36092	0.023257799999999995	0.0232575	-0.09478012039999999	0.1338929785	-0.1791658055	-0.14269547900000001	-0.06498032769999999	-0.0323086048	-0.3795644044	-0.2015011912	0.0131051695	-0.0571979104	0.0785780417	-0.0194136644	-0.09356136050000001	-0.0827208869	-0.027334212400000002	-0.0175734667	0.18541550739999998	-0.1672933422	-0.21157720800000002	0.0113846277	-0.0595424024	0.0768887761	0.0194131154	0.017368976	-0.1378543511	0.0063834658	0.0276096448	-0.19452660859999998	0.1223134681	0.0	0.0	0.0	0.0	0.0	0.0	0.0	0.0	0.105386	0.023257799999999995	0.011106208996	0.0005409252608399998	0.0	0.0	0.0	0.0	-0.0	0.0	0.0	0.0	0.0	0.0	0.0	0.0	0.0
8940.68299786978	-24.038322329735824	577.8409404282758	79935812.46839777	10596.223684142868	-49.82784357957826	2482.813995790918	112279956.36439024	7008.325366624171	-17.749788783828077	49116624.44446782	315.0550018705091	7005.02827044648	10656.040408959769	0.910037	34.637192	0.00533900000000001	0.00533925	-0.08445909789999999	0.0412106115	-0.2379966862	-0.058523966399999995	-0.0094269626	0.0684850264	-0.1368247758	-0.15401513349999998	-0.0076220082	0.0739734773	-0.2432852184	0.0594621716	0.4163470975	-0.0498645819	-0.223900708	-0.1312315849	-0.17273315120000002	-0.198106487	-0.1535875567	-0.0130156807	0.0601358944	-0.1824647032	-0.120325683	0.3546229065	0.1453188994	-0.0152648127	-0.2806532077	0.2101935121	0.1340412306	0.0	0.0	0.0	0.0	0.0	0.0	0.0	0.0	0.110725	0.00533900000000001	0.012260025625	2.850492100000011e-05	0.0	0.0	0.0	0.0	-0.0	0.0	0.0	0.0	0.0	0.0	0.0	0.0	0.0
8938.590999227623	-2.091998642157705	4.376458318789681	79898409.05147308	10551.279961746917	-44.94372239595032	2019.9381828042458	111329508.83116202	7007.4324487659605	-0.8929178582102395	49104109.52401811	0.7973023015107614	7004.916203378354	10547.331094012541	0.950266	36.168362	0.0005890000000000063	0.000588594	0.1180522917	0.055234164100000004	-0.3281119588	0.0126517818	-0.0907247615	0.0387933998	-0.1635169692	-0.0257332387	0.16107003179999999	0.1178214421	-0.3604020979	0.12414991380000001	-0.09535738740000001	0.1422503578	0.0321449287	0.2747466723	0.1284243583	0.32727477050000003	-0.0268010063	0.1585681587	0.1064410091	-0.36921458700000004	-0.1263171909	-0.045487089800000005	0.0797527525	0.1619168439	0.26913271629999996	-0.0525032134	-0.31333597469999996	0.0	0.0	0.0	0.0	0.0	0.0	0.0	0.0	0.11013599999999997	-0.0005890000000000201	0.012129938495999996	3.469210000000236e-07	0.0	0.0	0.0	0.0	-0.0	0.0	0.0	0.0	0.0	0.0	0.0	0.0	0.0
8958.552105556793	19.961106329170434	398.445765884448	80255655.82797605	10506.250259225908	-45.02970252100931	2027.6741091305926	110381294.50948444	7012.3897394690075	4.957290703046965	49173609.85821021	24.574731114515878	7009.034297557562	10557.096062391647	0.973138	37.03891	0.005362999999999993	0.00536364	-0.0762007271	-0.1456131816	-0.37254863039999997	0.051197880999999994	0.1401981025	-0.1862026472	-0.20089981489999997	-0.1322456961	-0.0025676095	-0.3046685021	-0.3558366524	0.1500829017	0.0805614596	0.09749822779999999	0.036144668399999996	-0.08716722710000001	-0.19835242420000002	0.0517759382	-0.1294269438	-0.0044551391	-0.3007123861	-0.3646741511	-0.1296439532	0.0178778884	0.1022972498	-0.10148741039999999	-0.1164367633	0.118508628	0.0507362011	0.0	0.0	0.0	0.0	0.0	0.0	0.0	0.0	0.104773	-0.005362999999999979	0.010977381529	2.8761768999999768e-05	0.0	0.0	0.0	0.0	-0.0	0.0	0.0	0.0	0.0	0.0	0.0	0.0	0.0
8996.025535075318	37.47342951852442	1404.2579198798178	80928475.42772716	10520.355721954229	14.105462728321074	198.9640787800549	110677884.51645508	7024.342417588479	11.952678119471786	49341386.39953277	142.86651422769955	7019.103014199222	10690.328437909222	0.949855	36.152725	0.010966559999999992	0.00793433	-0.21421826670000002	-0.0808906996	-0.1164056461	0.062057450099999995	0.2451763914	-0.0203854078	-0.0738763457	-0.1789853386	-0.1411480658	0.0913316232	-0.002662876	-0.0696600013	0.1045091892	0.2432711085000001	-0.0102903989	0.13240371199999998	-0.0781993352	0.1152881005	-0.1623071091	-0.1660998423	0.08721990439999999	-0.0363695675	0.0844376173	-0.064660324	0.259229475	0.11740982960000006	0.0298624059	0.1508762587	-0.0487487895	0.0	0.0	0.0	0.0	0.00667056	0.00667056	4.44963707136e-05	4.44963707136e-05	0.109069	0.004295999999999993	0.011896046761000001	1.845561599999995e-05	0.0	0.0	0.0	0.0	-0.0	0.0	0.0	0.0	0.0	0.0	0.0	0.0	0.0
9000.658584363167	4.633049287849643	21.465145703644094	81011854.95227037	10529.701774366577	9.346052412347492	87.34869569434633	110874619.45709863	7036.9969202293705	12.654502640891225	49519325.65531765	160.13643708832296	7031.651023597361	10868.734212199362	0.933304	35.522755	0.015036559999999997	0.0106999	-0.119530977	0.1590358396	0.0268039734	0.056246766399999995	0.0846617386	0.1534259362	0.021788290699999997	-0.1901277749	-0.021590526000000002	0.0812850199	0.1182962622	-0.2176108882	0.0847912376	0.052026167000000005	0.32772604850000003	0.029895867599999997	-0.11303653550000001	0.4807376162	-0.1753643865	-0.042336225899999996	0.09360689539999999	0.0788117291	0.2079918687	-0.07918111309999999	0.1251851661	-0.20661526600000002	0.1891617675	0.24441333329999998	-0.37331986659999994	0.0	0.0	0.0	0.0	0.0	-0.00667056	0.0	4.44963707136e-05	0.100703	-0.008365999999999998	0.010141094209	6.998995599999997e-05	0.0	0.0	0.0	0.0	-0.0	0.0	0.0	0.0	0.0	0.0	0.0	0.0	0.0
8977.823833443234	-22.83475091993387	521.4258495754206	80601320.78434135	10490.153910471308	-39.54786389526817	1564.0335386786553	110043329.06537648	7033.781496646564	-3.21542358280658	49474082.14256758	10.3389488168687	7028.586044323044	10896.494044678802	0.936564	35.646854	0.003742999999999996	0.00374271	-0.15603997	0.13374103380000002	-0.025840338100000002	0.07887463	0.025049150699999998	0.0366118736	-0.1057000977	-0.1878583882	0.0060095803	0.0417679429	0.1209848266	-0.4084067789	-0.2812758685	-0.0306444759	0.1868920191	-0.1590066723	0.1240743423	-0.1267245477	-0.1794985905	-0.0254639977	0.0583330455	0.10073239560000001	0.4576799214	-0.1549469848	-0.1441928877	-0.19281253350000002	0.1102168473	-0.1766848796	0.09696749060000001	0.0	0.0	0.0	0.0	0.0	0.0	0.0	0.0	0.104446	0.003742999999999996	0.010908966916	1.4010048999999973e-05	0.0	0.0	0.0	0.0	-0.0	0.0	0.0	0.0	0.0	0.0	0.0	0.0	0.0
8957.292294925208	-20.53153851802563	421.54407391717	80233085.2567265	10520.589638185304	30.435727713995217	926.3335214804567	110682806.33509198	7025.106177185298	-8.675319461265644	49352116.80072703	75.26116775501444	7020.272124012384	10773.308718232343	0.961795	36.60717	0.003238000000000005	0.00323841	0.018484118	0.1916855935	-0.056135711399999996	0.05644551320000001	-0.056613237999999996	0.19805314579999997	-0.1795235013	-0.0662270036	0.1532061685	0.2742489566	-0.1817215468	0.0239815034	0.1217833073	-0.12285908529999999	0.0657322566	-0.0963726435	0.2091667419	0.05535208639999999	-0.0631574159	0.12952256939999998	0.2832542772	-0.1735916446	-0.030318044199999998	0.1655035058	-0.0590652739	-0.1341460371	-0.0081888595	-0.1377763134	-0.1389069127	0.0	0.0	0.0	0.0	0.0	0.0	0.0	0.0	0.107684	0.003237999999999991	0.011595843855999998	1.048464399999994e-05	0.0	0.0	0.0	0.0	-0.0	0.0	0.0	0.0	0.0	0.0	0.0	0.0	0.0
8951.21435893548	-6.077935989727847	36.94130589522904	80124238.49961272	10494.957651638924	-25.63198654637927	656.9987343137677	110144136.1096944	7022.5840091598275	-2.522168025470819	49316686.16570731	6.361331548707369	7019.845116546549	10687.745801254423	1.067008	40.611729	0.013247499999999995	0.0132475	0.2928913447	0.126419585	-0.2885327949	0.0748082172	-0.29693824	0.04738383400000002	-0.2431626927	0.047371755099999996	0.4003651076	-0.1412677969	-0.10748551320000001	-0.2531471473	-0.1916188525	0.032488494799999997	-0.16306841449999998	0.055168059400000004	0.5104678217	0.0439947821	0.0230030235	0.3966972435	-0.10855232710000001	-0.12355855380000001	0.2906885734	-0.0383820291	-0.0474150825	0.2007865948	-0.0095301289	-0.4811346439	-0.23377909440000005	0.0	0.0	0.0	0.0	0.0	0.0	0.0	0.0	0.0944365	-0.013247499999999982	0.00891825253225	0.00017549625624999952	0.0	0.0	0.0	0.0	-0.0	0.0	0.0	0.0	0.0	0.0	0.0	0.0	0.0
8968.282796161784	17.06843722630401	291.33154934828065	80430096.31193143	10486.81011837895	-8.147533259974807	66.3822982223957	109973186.45893513	7014.938517291913	-7.645491867914642	49209362.40138566	58.453545902348935	7011.235004606529	10586.926683316644	1.182864	45.021343	0.06717414999999999	0.0427133	-0.1206482714	-0.1816027857	-0.2995346281	0.0696204522	0.1724300198	-0.37435618579999996	-0.3927082992	-0.1279424025	-0.0513958683	-0.2970083383	-0.34890047729999996	-0.0787031735	0.052794979299999996	-0.12033395279999999	-0.044961699699999996	0.1077087474	-0.1732251675	0.0331905154	-0.1247886883	-0.06430872900000001	-0.2999168338	-0.3345013128	0.06334317980000001	0.132239106	-0.0696714666	0.0958847782	-0.034062482000000005	0.1888961975	0.0474801419	0.0	0.0	0.0	0.0	0.026992400000000003	0.026992400000000003	0.0007285896577600003	0.0007285896577600003	0.102966	0.008529499999999995	0.010601997156	7.275237024999993e-05	-0.000633045	-0.000633045	4.007459720250001e-07	4.007459720250001e-07	-0.0	0.0	0.0	0.0	0.0	0.0	0.0	0.0	0.0
9029.790121032613	61.5073248708286	3783.15101276565	81537109.62989816	10536.850139407929	50.040021028979034	2504.003704580663	111025210.86034088	7022.655104693823	7.7165874019101475	49317684.71948221	59.54572113131839	7017.610752762938	10832.05574893072	0.996389	37.923851	0.029725950000000008	0.0188009	-0.2319952906	-0.047118283600000005	0.0090753224	0.0415517571	0.2803508177	0.0530693764	0.0175057582	-0.126009964	-0.13680319119999998	-0.0843261667	-0.0158179432	-0.04268538349999999	-0.1789972578	0.1053174765	-0.1488519926	0.3926659298	-0.1487676376	-0.35563133799999996	-0.1086652791	-0.159088601	-0.0661156847	-0.0506942708	0.06991648360000001	-0.1365872263	-0.0105387085	0.4309347158	0.1179183971	0.0620764321	0.3383849709	0.0	0.0	0.0	0.0	0.015835499999999995	-0.011156900000000008	0.00025076306024999985	0.00012447641761000018	0.0986949	-0.004271100000000001	0.00974068328601	1.824229521e-05	-0.000347086	0.00028595900000000007	8.177254968100004e-08	1.2046869139599998e-07	-0.0	0.0	0.0	0.0	0.0	0.0	0.0	0.0	0.0
9034.767316223559	4.977195190946077	24.772471968776756	81627020.45830144	10508.264786128704	-28.585353279224364	817.122422098063	110423628.81539254	7032.393034352253	9.737929658430405	49454551.7896061	94.8272740325385	7026.574556792084	11068.045558828335	0.960045	36.54055	0.04169633500000002	0.0246385	-0.14376763050000002	0.2193161912	0.2169106755	0.0833538658	0.1660291407	0.1507905046	0.1156603023	-0.1555955987	0.0005008187999999999	0.1649284349	0.0437632349	0.2009987393	-0.22349187280000002	0.4190361267	0.0718773076	-0.2018979675	-0.17505058760000006	-0.16971602260000002	-0.141125861	-0.0299231525	0.1851848892	-0.0521556483	-0.1166385368	-0.4257426509	0.25288721670000003	-0.1845851804	-0.0696270022	-0.0124039934	0.2333669802	0.0	0.0	0.0	0.0	0.00229051	-0.013544989999999995	5.2464360601e-06	0.0001834667541000999	0.0846024	-0.01409250000000001	0.007157566085759999	0.00019859855625000024	-6.59091e-05	0.0002811769	7.906044909360999e-08	4.344009462810001e-09	-0.0	0.0	0.0	0.0	0.0	0.0	0.0	0.0	0.0
9013.942934536652	-20.824381686907145	433.65487264199373	81251167.22708322	10495.20577855133	-13.059007577374361	170.5376789059209	110149344.33413725	7033.863999684094	1.470965331840489	49475242.76605192	2.1637390074766003	7028.923876978661	11108.789625408479	0.944771	35.959229	0.02239697500000001	0.0144138	-0.1309629571	0.20856257539999998	0.1459304998	0.07322651820000001	0.013303831399999999	0.0473019666	0.0340752175	-0.1790424337	-0.0063960486	-0.1262727673	0.3125567271	0.0297296151	-0.3448260609	-0.0785836411	-0.1012264361	-0.3446284783	-0.3214460054	0.2363715385	-0.1673791543	-0.036224746	-0.1075416053	0.223133306	0.0658149735	-0.4232676136	-0.2652808174	-0.1939280546	-0.32700065	0.1893663989	-0.0591995347	0.0	0.0	0.0	0.0	0.00612449	0.00383398	3.75093777601e-05	1.46994026404e-05	0.0957259	0.011123499999999995	0.009163447930809998	0.00012373225224999987	-0.00021469900000000005	-0.0001487899	2.213843434201e-08	4.6095660601000014e-08	-0.0	0.0	0.0	0.0	0.0	0.0	0.0	0.0	0.0
8984.863005982832	-29.079928553819627	845.642244695254	80727763.23627885	10501.125326879264	5.919548327934535	35.041052406752556	110273633.13082512	7030.4138147881895	-3.450184895904385	49426718.40716463	11.903775815926757	7025.714653289257	10827.696085565089	1.130691	43.035587	0.0365426	0.0286628	0.1560488713	0.1604886355	0.1723522109	0.0771851944	-0.1293545725	0.21234536420000005	-0.0334418257	0.046302375199999996	0.16544719130000002	0.2084007832	0.06927992849999999	0.4135424527	-0.2526688364	-0.5915179728	-0.2141111198	0.1429548454	-0.1378861964	0.1688122895	0.0463534113	0.1381177805	0.2208636816	0.028156053900000002	-0.37805329670000004	-0.0977760385	-0.6452825842000001	0.2132334373	-0.10520986189999999	0.2232441322	-0.18947849760000002	0.0	0.0	0.0	0.0	0.00839634	0.002271850000000001	7.049852539560001e-05	5.1613024225000016e-06	0.12274000000000003	0.027014100000000027	0.015065107600000002	0.0007297615988100015	-0.000359832	-0.00014513299999999995	2.1063587688999985e-08	1.2947906822399998e-07	-0.0	0.0	0.0	0.0	0.0	0.0	0.0	0.0	0.0
8985.056615431326	0.1936094484935893	0.037484618545991805	80731242.38250622	10486.760086422077	-14.36524045718761	206.36013339281968	109972137.11017516	7032.066934239497	1.6531194513072478	49449965.36762448	2.732803920290376	7029.846541273871	10774.935622632622	1.418248	53.980373	0.101910457	0.0588168	0.6279788868	0.0635018957	-0.0740510392	0.0681035758	-0.7255424856999999	-0.04760515	0.1374367148	0.40160586200000004	0.5397935882	-0.17592539289999998	0.1578227576	-0.1353705186	0.1822881841	-0.0295852829	0.39176554979999995	0.1326557397	-0.38472927560000003	-0.14402773259999999	0.36982667880000003	0.5771677412	-0.1763958364	0.1531245312	0.1320174456	0.0357883633	0.071348583	-0.1677640981	0.2890977744	0.4553162236	0.211981575	0.000203782	0.000203782	4.1527103524e-08	4.1527103524e-08	-0.012872	-0.02126834	0.000165688384	0.0004523422863556	0.14256	0.019819999999999977	0.0203233536	0.00039283239999999913	-0.00130241	-0.000942578	8.884532860839998e-07	1.6962718080999996e-06	-8.750370000000001e-05	-8.750370000000001e-05	7.656897513690002e-09	7.656897513690002e-09	0.000182285	0.000182285	3.3227821225e-08	3.3227821225e-08	0.0
8975.677156961743	-9.379458469582461	87.97424118262215	80562780.42600484	10458.220939545468	-28.539146876608356	814.4829044446245	109374385.2203473	7017.0322220358275	-15.034712203669187	49238741.20508906	226.04257104715919	7013.595337072041	10566.118412187154	1.562555	59.47288100000001	0.187228568	0.116492	-0.009469797	-0.4401355916	-0.1406062771	0.088557215	-0.0835166931	-0.7826399568000001	0.2691301538	0.18974029010000001	-0.2107749393	-0.5888085241	0.0552277379	0.3163180023	0.0613824491	-0.0513826854	0.1467080591	-0.25972037989999996	0.3085808443	0.09094214910000001	0.18605419920000002	-0.15778774480000002	-0.6067637154	0.0687817559	-0.3153699999	-0.021498733399999997	-0.0100260326	-0.2873260177	0.0107667579	-0.24496796769999998	-0.19295316969999998	0.00338697	0.003183188	1.14715657809e-05	1.0132685843344e-05	0.0939694	0.1068414	0.008830248136359999	0.01141508475396	0.128365	-0.014194999999999984	0.016477573225	0.0002014980249999996	-0.00225958	-0.0009571700000000002	9.161744089000004e-07	5.105701776400002e-06	-0.0	8.750370000000001e-05	0.0	7.656897513690002e-09	-3.32209e-05	-0.0002155059	1.10362819681e-09	4.6442792934809986e-08	1.0
9017.589457156759	41.91230019501745	1756.6409076372597	81316919.61782476	10534.085357156417	75.8644176109483	5755.409859448362	110966954.31185722	7017.906711509033	0.8744894732053581	49251014.61144353	0.7647318387469847	7012.466150417134	10707.471177819712	1.063044	40.460827	0.0401096	0.021292	-0.1430883644	-0.3353429015	0.1446557631	0.0596645654	0.2601963807	0.061850061	0.0608425917	0.1600579482	-0.3106873667	-0.2025274372	0.2254283445	-0.0770994304	-0.11472204189999999	0.056825218	-0.1280752302	0.4585224286	0.0436786866	0.0238102697	0.1673040868	-0.2981301071	-0.2087884452	0.2082092003	0.0673216786	-0.0884545108	0.0127268459	0.4305731827000001	0.20246291789999998	-0.015202166999999999	-0.0414799406	0.0028416	-0.0005453699999999999	8.074690559999999e-06	2.9742843689999985e-07	0.08224069999999999	-0.011728700000000009	0.0067635327364899975	0.0001375624036900002	0.12730999999999998	-0.001055000000000028	0.016207836099999994	1.1130250000000591e-06	-0.00196976	0.00028982000000000015	8.399563240000004e-08	3.8799544576e-06	6.59905e-05	6.59905e-05	4.354746090250001e-09	4.354746090250001e-09	-0.000213021	-0.0001798001	4.537794644099999e-08	3.232807596001e-08	0.0
9019.40308725873	1.8136301019694656	3.2892541467697742	81349632.05045229	10517.712365604672	-16.372991551745145	268.07485235351794	110622273.4055934	7030.4782137324155	12.571502223382595	49427623.91376614	158.04266815251353	7025.93073869761	10818.879045857426	1.042437	39.67651400000001	0.11992057499999995	0.0569178	-0.0956387717	-0.126451271	0.3533373558	0.0780296529	0.091250644	0.1217725395	0.2262747832	0.1496317668	-0.16595054369999998	0.20155930390000001	0.33345362370000003	0.2889111707	0.2842339682	0.1633764257	0.1001201134	0.196728295	0.1500731897	0.1186413692	0.16029060720000002	-0.1510061177	0.17790293629999998	0.3235434713	-0.316523951	-0.0100983708	0.2882342696	0.062499832199999994	0.1702120661	0.0200353337	-0.2040970761	-0.00125759	-0.00409919	1.5815326081000004e-06	1.68033586561e-05	0.0473659	-0.034874799999999984	0.0022435284828099997	0.001216251675039999	0.157303	0.02999300000000002	0.024744233809000003	0.0008995800490000012	-0.00128755	0.0006822100000000003	4.6541048410000017e-07	1.6577850024999996e-06	-6.90619e-25	-6.59905e-05	4.7695460316100004e-49	4.354746090250001e-09	5.78502e-05	0.0002708712	3.346645640040001e-09	7.337120698943997e-08	0.0
8950.343060945552	-69.06002631317824	4769.28723437687	80108640.90861619	10455.952064753641	-61.76030085103047	3814.334761209796	109326933.58042592	6997.876354768951	-32.60185896346411	48970273.47663438	1062.8812078736053	6992.491273458122	10685.913208677122	1.114041	42.401844	0.04771441	0.028130900000000004	0.0579990314	-0.2051103323	0.2008872542000001	0.15065756689999998	0.0689318438	0.0090161233	0.1927367805	0.2536766367	-0.2176671516	0.1219511276	-0.0198714411	-0.2711080238	0.21101010480000001	-0.0433588024	-0.18667497079999998	-0.3190905059	0.0273531079	0.1982891621	0.2617173853	-0.204578595	0.10525624210000001	0.0531786671	0.22708044	0.2244029666	0.0745412053	-0.1813787925	-0.3607910854	-0.0131859703	-0.2610827446	-0.00369146	-0.0024338700000000003	1.36268769316e-05	5.923723176900001e-06	0.0405991	-0.006766800000000003	0.00164828692081	4.578958224000005e-05	0.182921	0.025618	0.033460092241	0.0006562819240000001	-0.00132494	-3.7389999999999986e-05	1.3980120999999994e-09	1.7554660035999996e-06	7.052440000000002e-05	7.052440000000002e-05	4.973690995360003e-09	4.973690995360003e-09	-9.21502e-05	-0.0001500004	8.491659360040001e-09	2.250012000016e-08	0.0
8959.235851565298	8.892790619745938	79.08172500664134	80267907.04397297	10491.941263285871	35.98919853223015	1295.2224109922765	110080831.47224072	6999.75625270203	1.8798979330786096	48996587.59724116	3.534016238793229	6994.287047643679	10562.260622347778	0.9327200000000002	35.500523	0.045972687000000005	0.0226121	0.0184110022	-0.2939409469	0.20033572300000002	0.1055039233	0.06856798759999999	-0.028727358799999998	0.3168840213	0.2595107512	-0.3140930844	0.1682377032	-0.1067076542	-0.3546098178	0.0259437475	-0.2581016928	-0.0699476091	0.0382134101	-0.1125610575	-0.01414505	0.2718935239	-0.2972777634	0.1337668525	-0.0339841067	0.3064808562	0.2852618563	-0.1737451039	0.0551280908	0.0177776024	0.139645055	0.0179736746	-0.0007008930000000001	0.002990567	4.912509974490001e-07	8.943490981489e-06	0.0408516	0.0002524999999999958	0.0016688532225599994	6.375624999999787e-08	0.195966	0.013045	0.038402673155999996	0.00017017202500000002	-0.00158564	-0.0002607	6.796449e-08	2.5142542096e-06	0.000263569	0.00019304459999999998	6.946861776100001e-08	3.7266217589160004e-08	-0.000232098	-0.0001399478	5.3869481604e-08	1.958538672484e-08	0.0
8961.438048342661	2.202196777363497	4.84967064623017	80307371.89428352	10489.172750649584	-2.7685126362866868	7.6646622172790595	110022744.99296977	6990.682305712822	-9.073946989207798	48869639.09940634	82.33651396295326	6985.809595664126	10542.286211717885	0.948221	36.090527	0.07498119700000001	0.0394612	0.1171062587	-0.23693106809999998	0.2017991313	0.10656349550000001	0.0122868451	0.1000421027	0.2269029928	0.3219937284	-0.22992735949999998	0.23915775	-0.26028463760000004	0.1527047658	-0.2815755139	-0.059183848899999995	0.3945949244	-0.152424602	0.0658563466	-0.34032404340000005	0.3315274441	-0.2079518104	0.21701602609999998	-0.2221702108	-0.1294886157	-0.019856163	-0.22143286199999998	-0.3153076917	0.2468745135	-0.2521288886	0.407224992	-0.00359184	-0.002890947	1.29013145856e-05	8.357574556808998e-06	0.0254854	-0.015366199999999991	0.0006495056131600001	0.0002361201024399998	0.167122	-0.028844000000000012	0.027929762884	0.0008319763360000005	-0.00119718	0.00038846	1.509011716e-07	1.4332399523999996e-06	0.000170337	-9.3232e-05	2.9014693569e-08	8.692205823999999e-09	-0.000156189	7.590900000000001e-05	2.4395003721000002e-08	5.762176281000001e-09	0.0
9029.994481478943	68.55643313628207	4699.9845243695145	81540800.33554018	10545.202101897064	56.02935124748001	3139.288201213489	111201287.36985429	7027.115240090171	36.43293437734883	49380348.59750754	1327.3587073442059	7021.692320661521	10736.93053744861	1.17218	44.614704	0.12716554419999998	0.065881	0.440959528	-0.0162246306	0.24483454629999998	0.0345649033	-0.13538919929999998	0.1761614863	0.2276368627	0.35868363810000004	0.22239358399999998	0.0866264878	0.06949225839999999	0.0484062216	-0.0469269423	0.4088583844	-0.4876111191	-0.177345348	-0.0423270391	-0.011883213200000001	0.35439940509999995	0.2166499314	0.12387698539999999	0.019185805900000002	-0.032065080600000004	-0.20665454670000002	0.2923453736	0.2291273947	-0.487148235	-0.1508360581	0.1478829221	-1.84358e-05	0.0035734042	3.398787216400001e-10	1.2769217576577636e-05	-0.00290684	-0.028392240000000006	8.4497187856e-06	0.0008061192922176003	0.115527	-0.05159499999999999	0.013346487729000002	0.0026620440249999987	-0.00183247	-0.0006352900000000003	4.0359338410000026e-07	3.3579463009000008e-06	7.37857e-05	-9.65513e-05	5.444329524489999e-09	9.322153531690002e-09	-1.59323e-05	0.0001402567	2.5383818329e-10	1.967194189489e-08	0.0
